processor,guest_bytes,repeat,instructions_retired,model_ms,host_peak_rss_bytes,instructions_per_second
RV32_ISS,65536,1,65543,172,71155712,381063.9534883721
RV32_ISS,65536,2,65543,38,70713344,1724815.7894736843
RV32_ISS,65536,3,65543,35,70828032,1872657.142857143
RV32_ISS,1048576,1,1048583,65,124715008,16132046.153846154
RV32_ISS,1048576,2,1048583,64,124796928,16384109.375
RV32_ISS,1048576,3,1048583,60,124846080,17476383.333333332
RV32_5S,65536,1,65543,225,69943296,291302.22222222225
RV32_5S,65536,2,65543,230,70139904,284969.5652173913
RV32_5S,65536,3,65543,230,70123520,284969.5652173913
RV32_5S,1048576,1,1048583,3870,132595712,270951.6795865633
RV32_5S,1048576,2,1048583,3693,134234112,283937.9907933929
RV32_5S,1048576,3,1048583,3505,134316032,299167.76034236804
